book_id,book_name,author,publisher,publishing_year,language_code,genre
1,The Time  Story,Michael Williams,Macmillan House,2001,pt,Science Fiction
2,Bright Shadow of Story,Jane Smith,Harper Group,2012,zh,Science Fiction
3,Dark Past  Future,Sarah Miller,Random Press,2004,pt,Fiction
4,Dark Past  Dream,Emily Williams,Cambridge Books,2008,de,Biography
5,Forgotten Shadow  Love,Jane Davis,Oxford Press,2019,de,Fiction
6,Lost Time of Future,Emma Davis,Random Press,2011,zh,Romance
7,Hidden Time  Journey,Emma Jones,Simon Group,2017,it,Biography
8,Forgotten Heart  Heart,Robert Smith,Penguin Publishing,2004,en,Self-Help
9,Secret Dream of Journey,William Davis,Random Group,2023,es,Mystery
10,Dark Future  Shadow,Sarah Jones,Penguin Group,2019,pt,Self-Help
11,The Heart of Heart,Robert Brown,Simon Group,2021,en,Romance
12,My Heart of Future,Jane Smith,Oxford House,2016,ja,Biography
13,Silent Past  World,Robert Martinez,Harper House,2012,it,Non-Fiction
14,Silent World  Shadow,William Davis,Simon Books,2007,zh,Biography
15,Bright Journey  Story,John Miller,Random Press,2007,zh,Romance
16,A Future  Future,William Smith,Penguin Group,2023,it,Fiction
17,The Past of Future,John Miller,Simon Group,2007,ja,Self-Help
18,Secret Heart  Heart,Jane Jones,Cambridge Books,2016,pt,Romance
19,Lost Dream of Past,Sarah Miller,Cambridge House,2021,de,Fantasy
20,Lost Love  World,Emily Johnson,Cambridge Books,2008,pt,Mystery
21,My Future of Heart,David Jones,Oxford Books,2016,pt,Fiction
22,Hidden Future of World,John Garcia,Harper Press,2001,ar,Science Fiction
23,Silent World  Journey,Robert Jones,Oxford Press,2014,zh,Biography
24,Bright Past of Future,Emma Johnson,Harper Publishing,2019,en,Fiction
25,My Time of Dream,John Miller,Macmillan Books,2010,fr,Romance
26,Silent Heart  Time,John Rodriguez,Oxford Group,2016,en,Thriller
27,Dark Journey  Past,Emily Smith,Macmillan Books,2006,it,Romance
28,Hidden Time of Shadow,Robert Rodriguez,Cambridge Publishing,2012,pt,Thriller
29,My Shadow  Future,John Davis,Harper Group,2010,en,Mystery
30,Silent Love of Love,Emma Jones,Cambridge Group,2012,ru,Romance
31,Dark Journey  Love,William Davis,Cambridge Press,2003,zh,History
32,Hidden Future  Past,Jane Williams,Random Press,2015,zh,History
33,Secret Heart  Story,Emma Martinez,Oxford Group,2006,es,Fiction
34,Silent Dream of Heart,Jessica Johnson,Cambridge Publishing,2022,ar,Fantasy
35,Silent Journey of World,John Johnson,Macmillan Books,2012,ja,Biography
36,Lost Journey  Story,Robert Smith,Oxford House,2015,es,History
37,Bright World  Shadow,William Martinez,Simon Group,2000,es,Romance
38,Secret Future  Shadow,Jane Smith,Penguin Press,2015,ar,Fiction
39,Hidden World  Heart,Sarah Miller,Simon House,2003,de,History
40,Secret Heart of Past,Emily Martinez,Oxford House,2022,pt,Fantasy
41,Silent Story  Future,David Brown,Penguin Publishing,2023,ru,Self-Help
42,Silent Shadow  World,John Garcia,Macmillan House,2017,es,Biography
43,Silent Dream  Future,John Miller,Harper Press,2004,en,Mystery
44,Hidden Heart  Love,David Williams,Harper Publishing,2018,de,Self-Help
45,Silent Heart  Love,Emma Williams,Harper House,2007,es,Science Fiction
46,Forgotten Time of Journey,Jessica Brown,Simon Publishing,2012,pt,Fiction
47,Silent Future  World,Emily Williams,Harper Books,2021,ar,Self-Help
48,Bright Past of Future,Sarah Rodriguez,Penguin House,2019,fr,Fiction
49,Lost Future of Journey,John Garcia,Simon House,2014,ja,History
50,Forgotten World  Journey,William Brown,Simon Press,2014,de,Romance
51,Forgotten Story of Shadow,Robert Davis,Simon Books,2013,es,Romance
52,Forgotten Heart of Past,Emma Williams,Simon Books,2022,ru,Thriller
53,Dark Shadow of Future,Emily Miller,Penguin Books,2005,en,Biography
54,Dark Time of Story,Robert Williams,Cambridge House,2015,it,Biography
55,Hidden Journey  Heart,John Garcia,Simon Group,2003,ar,Non-Fiction
56,Hidden Shadow  Story,David Garcia,Cambridge Group,2009,fr,Science Fiction
57,Secret Past of Time,Emily Miller,Penguin Books,2001,pt,Non-Fiction
58,Bright Story  Journey,Emma Brown,Harper Books,2008,es,Science Fiction
59,Secret Time of Future,Robert Jones,Random Publishing,2011,es,History
60,My Time  Past,John Smith,Harper Group,2018,pt,Mystery
61,Bright Past  Story,William Jones,Harper Press,2012,en,Non-Fiction
62,Dark World  Story,Jane Rodriguez,Cambridge Books,2001,fr,Non-Fiction
63,My Story  World,John Miller,Penguin Group,2003,en,Thriller
64,A Future of Shadow,Emma Martinez,Cambridge House,2011,ja,Mystery
65,Forgotten Story of Past,Emily Jones,Cambridge Press,2008,de,Fantasy
66,Hidden Love  Time,Emma Rodriguez,Cambridge Publishing,2014,ru,Fantasy
67,Secret Future  Story,Robert Johnson,Harper Press,2008,es,Non-Fiction
68,My Shadow  Time,William Davis,Macmillan Books,2014,pt,Mystery
69,My Heart  World,John Garcia,Harper Press,2007,ja,Fiction
70,My Past  Heart,Emily Williams,Cambridge Books,2011,de,Thriller
71,A Journey of Heart,David Martinez,Simon Group,2004,ru,Thriller
72,Dark Future  Love,David Johnson,Oxford Books,2007,ja,Self-Help
73,Secret Time  World,Sarah Johnson,Harper Publishing,2019,de,Romance
74,Lost Story of Love,William Johnson,Macmillan Group,2009,it,Non-Fiction
75,Dark Journey  Shadow,Robert Garcia,Macmillan Books,2015,it,Mystery
76,Bright Journey of Love,John Smith,Harper Publishing,2004,es,Romance
77,A Journey of Journey,Sarah Martinez,Penguin Group,2002,ja,Non-Fiction
78,Secret Dream  Love,John Johnson,Simon Publishing,2002,fr,History
79,Bright Love  Dream,Robert Rodriguez,Penguin Group,2018,zh,Mystery
80,Dark Shadow of Time,John Jones,Cambridge House,2020,zh,Self-Help
81,The Heart  Story,Sarah Martinez,Cambridge Press,2010,ja,Romance
82,Dark World of Past,Jane Williams,Harper Group,2014,pt,History
83,Silent Time  World,Jessica Brown,Harper Publishing,2000,zh,History
84,Silent Heart  Time,Jane Jones,Simon Group,2000,ru,Fantasy
85,Bright Love of Story,David Martinez,Harper Publishing,2007,zh,Self-Help
86,A World  Shadow,David Rodriguez,Cambridge Books,2000,ru,Non-Fiction
87,The Story  Heart,Michael Johnson,Penguin Books,2017,it,Mystery
88,Lost Love  Time,Jane Jones,Harper House,2023,es,Self-Help
89,Dark World  Dream,Jane Johnson,Macmillan Publishing,2011,en,Mystery
90,Silent Story  Future,Jessica Miller,Penguin Books,2018,pt,Biography
91,Bright Shadow  Heart,William Johnson,Random House,2014,pt,History
92,The Journey of Shadow,David Garcia,Oxford House,2005,ja,Fiction
93,Bright Journey of Shadow,Jane Johnson,Cambridge House,2011,ru,Self-Help
94,Lost Heart of Future,Sarah Davis,Harper Publishing,2022,fr,Non-Fiction
95,Dark Shadow of Journey,Jane Johnson,Penguin Books,2009,fr,Biography
96,Bright Story  World,William Smith,Harper Books,2022,fr,Self-Help
97,Hidden Journey of Love,John Smith,Oxford House,2012,ja,Biography
98,Dark Heart of World,David Johnson,Penguin Group,2008,en,Mystery
99,Lost Time of Love,Emma Brown,Oxford Press,2020,it,Thriller
100,Silent World of Time,Sarah Williams,Harper Group,2019,ja,Mystery
